{
  "timestamp": "2026-06-24T19:36:19.128658",
  "summary": {
    "total_requests": 2525,
    "successful": 1351,
    "failed": 1174,
    "success_rate": 53.504950495049506
  },
  "latency_seconds": {
    "min": 0.07987510000020848,
    "max": 2.4950677999995605,
    "mean": 1.6848770041450782,
    "median": 1.9837541999995665,
    "p50": 1.9837541999995665,
    "p95": 2.3790720500001044,
    "p99": 2.466085049999947
  },
  "throughput_rps": 17.69701399263149,
  "failure_breakdown": {
    "HTTP 503": 1174
  }
}